"siteID","routeID","firstyr","lastyr","n.years","n.visits","easting","northing","retired","transect"
"91_01",91,2001,2019,2,2,483387,3571991,0,0
"91_02",91,2001,2001,1,1,483617,3572710,0,0
"91_03",91,2001,2001,1,1,484370,3568710,0,0
"91_04",91,2001,2001,1,1,480553,3571561,0,0
"91_05",91,2001,2001,1,1,481264,3571329,0,0
"91_06",91,2001,2001,1,1,485612,3579287,0,0
"91_07",91,2001,2001,1,1,484872,3579209,0,0
"91_08",91,2001,2001,1,1,478264,3570189,0,0
"91_09",91,2001,2001,1,1,477874,3570826,0,0
"92_01",92,2001,2001,1,1,526004,3558474,0,0
"92_02",92,2001,2001,1,1,527717,3562406,0,0
"92_03",92,2001,2001,1,1,527420,3561730,0,0
"92_04",92,2001,2001,1,1,528895,3563098,0,0
"93_01",93,2004,2010,7,7,518296,3554467,0,0
"93_02",93,2001,2010,10,10,516411,3555799,0,0
"93_03",93,2001,2010,10,10,517106,3555700,0,0
"93_13",93,2001,2010,9,9,513192,3557833,0,0
"93_14",93,2001,2010,10,10,513865,3557379,0,0
"93_17",93,2004,2010,7,7,517126,3556852,0,0
"93_22",93,2001,2009,9,9,512060,3558884,0,0
"93_28",93,2001,2010,10,10,512054,3559506,0,0
"93_34",93,2004,2009,6,6,512273,3560203,0,0
"93_35",93,2004,2010,6,6,513201,3560829,0,0
"93_39",93,2001,2010,10,10,510887,3561619,0,0
"93_40a",93,2001,2005,5,5,511402,3561574,1,0
"93_43",93,2001,2010,10,10,510986,3562137,0,0
"94_05a",94,2014,2017,3,3,517052,3575258,1,0
"96_01",96,2008,2017,5,5,505156,3587582,0,0
"96_01a",96,2004,2007,3,4,505038,3587701,1,0
"96_02",96,2004,2017,8,9,503847,3588476,0,0
"96_03",96,2004,2011,7,8,504444,3588754,0,0
"96_04",96,2004,2011,7,8,505235,3588910,0,0
"96_05",96,2004,2017,8,9,503690,3589622,0,0
"96_06",96,2004,2011,7,8,504418,3589524,0,0
"96_07",96,2004,2017,8,9,505540,3589430,0,0
"96_08",96,2004,2017,8,8,503157,3590866,0,0
"96_09",96,2017,2017,1,1,504069,3591164,0,0
"96_09a",96,2004,2004,1,1,504064,3590262,1,0
"96_09b",96,2005,2011,6,6,504086,3590243,1,0
"96_10",96,2004,2017,8,8,504441,3591408,0,0
"101_01",101,2001,2014,11,12,507455,3562118,0,0
"101_02",101,2001,2014,11,12,507765,3563197,0,0
"101_03",101,2001,2014,11,12,508686,3563197,0,0
"101_04",101,2001,2014,12,12,508465,3564469,0,0
"101_05",101,2001,2014,12,12,509149,3564153,0,0
"101_06",101,2001,2014,12,12,509733,3565237,0,0
"101_07",101,2001,2014,12,12,509102,3566562,0,0
"101_08",101,2001,2014,12,12,510744,3566147,0,0
"101_09",101,2001,2014,12,12,510123,3567779,0,0
"101_10",101,2001,2014,12,12,511119,3567754,0,0
"101_11",101,2001,2014,12,12,511325,3568072,0,0
"101_12",101,2001,2014,11,12,511686,3569191,0,0
"102_01",102,2001,2019,14,16,508468,3566481,0,0
"102_02",102,2001,2019,14,16,508204,3567234,0,0
"102_03",102,2001,2019,14,16,509715,3567276,0,0
"102_04",102,2001,2019,14,16,509505,3568568,0,0
"102_05",102,2001,2017,12,14,511065,3568389,0,0
"102_06",102,2001,2017,12,14,510663,3569700,0,0
"102_07",102,2001,2019,14,16,510288,3569872,0,0
"102_08",102,2001,2019,14,16,510511,3571188,0,0
"102_09",102,2001,2017,13,15,510705,3572574,0,0
"102_10",102,2001,2017,13,15,511557,3572802,0,0
"102_11",102,2001,2017,12,14,512084,3572892,0,0
"103_01",103,2001,2020,17,19,512199,3570673,0,0
"103_02",103,2001,2020,17,19,512734,3570779,0,0
"103_03",103,2001,2020,17,19,513809,3570239,0,0
"103_04",103,2001,2020,17,19,514608,3570262,0,0
"103_05",103,2001,2020,16,18,515989,3570276,0,0
"103_06",103,2001,2020,17,19,516611,3570213,0,0
"103_07",103,2001,2020,17,19,511226,3571291,0,0
"103_08",103,2001,2020,16,18,517366,3572924,0,0
"103_09",103,2001,2020,16,18,516553,3572993,0,0
"103_10",103,2001,2020,15,17,516963,3573260,0,0
"103_11",103,2001,2020,16,18,516850,3574119,0,0
"103_12",103,2001,2020,16,18,516329,3575610,0,0
"104_01",104,2002,2016,14,14,507650,3563241,0,0
"104_02",104,2002,2016,14,14,507727,3564495,0,0
"104_03",104,2003,2016,13,13,507381,3565621,0,0
"104_04",104,2002,2016,14,14,507967,3565803,0,0
"104_05",104,2002,2016,14,14,507094,3566833,0,0
"104_06",104,2002,2016,14,14,507327,3567382,0,0
"104_07",104,2002,2016,14,14,507082,3568105,0,0
"104_08",104,2002,2016,14,14,508648,3568445,0,0
"104_09",104,2002,2016,14,14,508209,3569807,0,0
"104_10",104,2002,2016,14,14,509244,3570810,0,0
"104_11",104,2002,2016,14,14,509885,3570432,0,0
"105_01",105,2001,2021,14,14,506601,3564099,0,0
"105_02",105,2001,2021,14,14,506628,3565812,0,0
"105_03",105,2001,2021,14,14,506111,3566305,0,0
"105_04",105,2001,2021,13,13,506007,3567292,0,0
"105_05",105,2001,2021,13,13,506176,3568962,0,0
"105_06",105,2001,2021,13,13,506343,3569895,0,0
"105_07",105,2001,2021,13,13,507851,3569441,0,0
"105_08",105,2001,2021,13,13,507833,3570092,0,0
"105_09",105,2001,2021,13,13,508463,3569969,0,0
"105_10",105,2001,2021,13,13,509207,3571877,0,0
"105_11",105,2001,2021,13,13,509430,3571323,0,0
"105_12",105,2001,2021,13,13,509853,3572595,0,0
"105_13",105,2001,2021,13,13,509912,3573294,0,0
"106_01",106,2001,2021,15,17,506704,3562633,0,0
"106_02",106,2001,2021,16,17,505772,3563189,0,0
"106_03",106,2001,2021,17,18,506321,3563574,0,0
"106_04",106,2001,2021,17,18,505164,3564705,0,0
"106_05",106,2001,2020,14,15,505841,3565613,0,0
"106_06",106,2001,2021,16,17,505972,3566295,0,0
"106_07",106,2001,2021,16,17,505692,3567176,0,0
"106_08",106,2001,2021,16,17,505955,3568060,0,0
"106_09",106,2003,2021,14,15,505306,3569493,0,0
"106_10",106,2001,2021,16,17,505607,3570413,0,0
"106_11",106,2001,2021,15,16,506202,3570703,0,0
"106_12",106,2001,2021,16,17,505886,3571625,0,0
"107_01",107,2001,2020,15,15,504878,3565034,0,0
"107_02",107,2001,2017,14,15,504000,3566755,0,0
"107_03",107,2001,2020,15,15,504589,3567918,0,0
"107_04",107,2001,2020,15,15,504428,3568242,0,0
"107_05",107,2001,2020,15,15,504751,3569881,0,0
"107_06",107,2001,2020,15,15,504128,3570690,0,0
"107_07",107,2001,2020,15,15,504821,3571276,0,0
"107_08",107,2001,2017,14,14,506704,3571772,0,0
"107_09",107,2001,2017,12,12,507513,3571895,0,0
"107_10",107,2001,2017,13,13,504132,3572290,0,0
"107_11",107,2001,2017,14,14,505184,3572185,0,0
"107_12",107,2001,2017,14,14,506178,3572739,0,0
"108_01",108,2001,2021,14,15,507093,3572064,0,0
"108_02",108,2001,2021,14,15,508518,3572682,0,0
"108_03",108,2001,2021,14,15,505536,3573412,0,0
"108_04",108,2001,2020,14,15,506155,3573506,0,0
"108_05",108,2001,2021,14,14,507394,3573088,0,0
"108_06",108,2001,2020,14,15,508993,3573907,0,0
"108_07",108,2001,2021,13,14,508505,3574602,0,0
"108_08",108,2001,2021,15,15,508128,3575608,0,0
"108_09",108,2001,2015,13,14,509303,3575421,0,0
"108_10",108,2001,2020,14,15,509449,3576718,0,0
"108_11",108,2001,2020,14,15,509918,3577156,0,0
"108_12",108,2001,2021,14,15,510166,3577478,0,0
"109_01",109,2002,2011,10,10,503695,3571118,0,0
"109_02",109,2002,2011,10,10,503569,3572351,0,0
"109_03",109,2002,2011,10,10,503287,3573637,0,0
"109_04",109,2002,2011,10,10,504688,3573166,0,0
"109_05",109,2002,2011,10,10,504919,3574515,0,0
"109_06",109,2002,2011,10,10,505283,3574016,0,0
"109_07",109,2002,2011,10,10,506099,3574333,0,0
"109_08",109,2002,2011,10,10,507709,3574258,0,0
"109_09",109,2002,2011,10,10,507275,3575780,0,0
"109_10",109,2002,2011,10,10,507220,3576773,0,0
"109_11",109,2002,2011,10,10,508518,3576832,0,0
"109_12",109,2002,2011,10,10,508620,3577564,0,0
"110_01",110,2001,2019,14,14,502823,3572132,0,0
"110_02",110,2001,2021,14,16,502249,3573576,0,0
"110_03",110,2001,2021,14,14,502121,3574454,0,0
"110_04",110,2001,2021,14,14,503627,3574326,0,0
"110_05",110,2016,2021,4,4,503890,3575390,0,0
"110_05a",110,2001,2015,11,11,503555,3575313,1,0
"110_06",110,2001,2021,14,14,504314,3575034,0,0
"110_07",110,2001,2021,14,14,505577,3575721,0,0
"110_08",110,2001,2021,13,13,506785,3575779,0,0
"110_09",110,2001,2021,12,12,506255,3576273,0,0
"110_10",110,2001,2021,14,14,506845,3577431,0,0
"110_11",110,2001,2021,15,15,507447,3577559,0,0
"110_12",110,2005,2021,13,13,506856,3577764,0,0
"111_01",111,2001,2015,12,12,501089,3573523,0,0
"111_02",111,2001,2015,13,13,501630,3574547,0,0
"111_03",111,2001,2015,13,13,501744,3575088,0,0
"111_04",111,2001,2015,13,13,502326,3575727,0,0
"111_05",111,2001,2015,13,13,502963,3576981,0,0
"111_06",111,2001,2015,13,13,503399,3576713,0,0
"111_07",111,2001,2015,13,13,504885,3576981,0,0
"111_08",111,2001,2015,13,13,501592,3577990,0,0
"111_09",111,2001,2015,13,13,502124,3577321,0,0
"111_10",111,2001,2015,13,13,503149,3577498,0,0
"111_11",111,2001,2015,13,13,504489,3577418,0,0
"111_12",111,2001,2015,13,13,501685,3578732,0,0
"112_01",112,2001,2020,16,16,499102,3578747,0,0
"112_02",112,2001,2020,16,16,502027,3578632,0,0
"112_03",112,2001,2020,15,15,503466,3578327,0,0
"112_04",112,2001,2020,16,16,498179,3579118,0,0
"112_05",112,2001,2018,15,15,499680,3579611,0,0
"112_06",112,2001,2020,15,15,502411,3579981,0,0
"112_07",112,2001,2020,16,16,499618,3580845,0,0
"112_08",112,2001,2020,16,16,500175,3580208,0,0
"112_09",112,2001,2020,16,16,501392,3580543,0,0
"112_10",112,2001,2020,16,16,502030,3580007,0,0
"112_11",112,2001,2020,15,15,501297,3581181,0,0
"112_12",112,2001,2020,16,16,502433,3581217,0,0
"113_01",113,2001,2018,12,14,499761,3573453,0,0
"113_02",113,2001,2018,11,12,499646,3574045,0,0
"113_03",113,2004,2018,10,10,499245,3575423,0,0
"113_03a",113,2001,2004,3,3,499911,3575207,1,0
"113_04",113,2001,2018,12,13,500553,3575169,0,0
"113_05",113,2001,2018,12,14,500842,3576973,0,0
"113_06",113,2001,2018,12,14,501948,3576073,0,0
"113_07",113,2001,2018,12,14,500627,3577639,0,0
"113_08",113,2001,2018,12,13,500812,3578715,0,0
"113_09",113,2001,2018,11,13,500651,3579865,0,0
"113_10",113,2007,2018,8,9,501204,3579845,0,0
"113_10a",113,2001,2004,3,4,501873,3579498,1,0
"114_01",114,2001,2020,15,17,498220,3570937,0,0
"114_02",114,2001,2020,15,17,499218,3570967,0,0
"114_03",114,2001,2020,13,15,496913,3571943,0,0
"114_04",114,2001,2020,15,17,497338,3571559,0,0
"114_05",114,2001,2020,15,17,498287,3571460,0,0
"114_06",114,2001,2020,15,17,499511,3571497,0,0
"114_07",114,2001,2020,14,16,500794,3571040,0,0
"114_08",114,2001,2020,14,16,501269,3571121,0,0
"114_09",114,2001,2020,15,17,502731,3570992,0,0
"114_10",114,2001,2020,15,17,495987,3572548,0,0
"114_11",114,2001,2020,14,16,496323,3572671,0,0
"114_12",114,2001,2020,15,17,495185,3573021,0,0
"115_01",115,2001,2016,15,15,498123,3572659,0,0
"115_02",115,2001,2016,15,15,499988,3572027,0,0
"115_03",115,2001,2016,15,15,500232,3572847,0,0
"115_04",115,2001,2016,15,15,501217,3572253,0,0
"115_05",115,2001,2016,15,15,498962,3573297,0,0
"115_06",115,2001,2016,15,15,500960,3573138,0,0
"115_07",115,2001,2016,15,15,498794,3574162,0,0
"115_08",115,2001,2016,15,15,500904,3574237,0,0
"115_09",115,2001,2016,15,15,498115,3575216,0,0
"115_10",115,2001,2016,15,15,498493,3576690,0,0
"115_11",115,2001,2016,15,15,499362,3576715,0,0
"115_12",115,2001,2016,15,15,499995,3577311,0,0
"116_01",116,2001,2021,18,18,491247,3575786,0,0
"116_02",116,2001,2021,19,19,491788,3576802,0,0
"116_03",116,2001,2021,19,19,491776,3577072,0,0
"116_04",116,2001,2021,19,19,492512,3577137,0,0
"116_05",116,2002,2020,16,16,493983,3577288,0,0
"116_05a",116,2001,2001,1,1,493734,3577248,1,0
"116_06",116,2001,2021,18,18,494852,3577679,0,0
"116_07",116,2001,2021,19,19,495917,3577458,0,0
"116_08",116,2001,2021,18,18,496918,3577095,0,0
"116_09",116,2001,2021,19,19,497611,3577477,0,0
"116_10",116,2001,2021,19,19,498537,3577425,0,0
"116_11",116,2002,2021,16,17,497223,3578357,0,0
"116_11a",116,2001,2001,1,1,497556,3578446,1,0
"116_12",116,2001,2021,19,19,498674,3578241,0,0
"117_01",117,2001,2017,11,13,497073,3572902,0,0
"117_02",117,2001,2017,11,12,496495,3573444,0,0
"117_03",117,2001,2017,11,12,497661,3573864,0,0
"117_04",117,2001,2017,12,13,495974,3574638,0,0
"117_05",117,2001,2017,11,12,497943,3574505,0,0
"117_06",117,2001,2017,12,13,496108,3575343,0,0
"117_07",117,2001,2017,11,12,496898,3575240,0,0
"117_08",117,2001,2017,11,12,497302,3576139,0,0
"117_09",117,2001,2017,11,12,495191,3576019,0,0
"117_10",117,2001,2017,11,12,495801,3576737,0,0
"117_11",117,2001,2017,11,12,496393,3576834,0,0
"117_12",117,2001,2017,11,12,497580,3576211,0,0
"118_01",118,2002,2020,10,11,489759,3575567,0,0
"118_02",118,2002,2020,10,11,490743,3575450,0,0
"118_03",118,2002,2020,11,11,487225,3576673,0,0
"118_04",118,2002,2020,10,10,488214,3576203,0,0
"118_04a",118,2001,2001,1,1,488151,3576111,1,0
"118_05",118,2002,2020,11,12,489756,3576265,0,0
"118_06",118,2002,2020,10,11,490636,3576135,0,0
"118_07",118,2002,2020,10,10,487135,3577913,0,0
"118_08",118,2003,2020,11,11,488786,3577571,0,0
"118_08a",118,2001,2002,2,2,488810,3577207,1,0
"118_09",118,2002,2020,11,11,490049,3577015,0,0
"118_10",118,2002,2020,11,11,490394,3577135,0,0
"119_01",119,2001,2014,14,14,491669,3573065,0,0
"119_02",119,2001,2014,14,14,492346,3573732,0,0
"119_03",119,2001,2014,14,14,491743,3574523,0,0
"119_04",119,2001,2014,14,14,492455,3574123,0,0
"119_05",119,2001,2014,14,14,493360,3574818,0,0
"119_06",119,2001,2014,14,14,494113,3574002,0,0
"119_07",119,2001,2014,14,14,495172,3574386,0,0
"119_08",119,2005,2014,10,10,492105,3575049,0,0
"119_09",119,2001,2014,14,14,493141,3575468,0,0
"119_10",119,2001,2014,14,14,493949,3575832,0,0
"119_11",119,2001,2014,14,14,492085,3576860,0,0
"119_12",119,2001,2014,14,14,493695,3576375,0,0
"120_01",120,2001,2014,12,12,490910,3572512,0,0
"120_02",120,2001,2014,12,12,491698,3572644,0,0
"120_03",120,2001,2014,12,12,492359,3572001,0,0
"120_04",120,2001,2014,12,12,493161,3572467,0,0
"120_05",120,2001,2014,12,12,490736,3573680,0,0
"120_06",120,2001,2014,12,12,493439,3573279,0,0
"120_07",120,2001,2014,7,7,488695,3574858,0,0
"120_08",120,2001,2014,7,7,489788,3574257,0,0
"120_09",120,2001,2014,7,7,490033,3574797,0,0
"120_10",120,2001,2014,7,7,488906,3575164,0,0
"121_01",121,2001,2020,11,14,488615,3572434,0,0
"121_02",121,2001,2016,9,11,489680,3571807,0,0
"121_03",121,2001,2020,12,14,490269,3572303,0,0
"121_04",121,2001,2020,12,15,491692,3571654,0,0
"121_05",121,2001,2020,12,15,492249,3571974,0,0
"121_07",121,2001,2020,12,15,489333,3572433,0,0
"121_09",121,2001,2020,12,14,489634,3573862,0,0
"122_01",122,2014,2021,6,6,490122,3569035,0,0
"122_01a",122,2001,2018,13,13,490200,3568866,1,0
"122_02",122,2010,2021,8,8,492298,3569021,0,0
"122_02a",122,2001,2018,4,4,491505,3568544,1,0
"122_03",122,2013,2021,7,7,489042,3569985,0,0
"122_03a",122,2001,2005,4,4,488721,3569567,1,0
"122_04",122,2001,2021,16,16,489513,3569382,0,0
"122_05",122,2001,2021,19,19,490166,3569638,0,0
"122_06",122,2006,2021,14,14,491083,3569816,0,0
"122_06a",122,2001,2018,5,5,491593,3569785,1,0
"122_07",122,2015,2017,3,3,489454,3571511,0,0
"122_07a",122,2001,2006,5,5,488832,3570738,1,0
"122_07b",122,2008,2011,4,4,488653,3571137,1,0
"122_08",122,2017,2021,4,4,489540,3570574,0,0
"122_08a",122,2001,2016,12,12,489030,3570680,1,0
"122_09",122,2001,2021,17,18,490899,3570389,0,0
"122_12",122,2018,2021,3,3,492268,3571384,0,0
"123_01",123,2002,2017,13,14,492868,3569894,0,0
"123_03",123,2002,2017,13,14,492472,3570675,0,0
"123_04",123,2002,2017,13,14,494043,3571059,0,0
"123_05",123,2002,2017,13,14,494359,3570174,0,0
"123_06",123,2002,2017,13,14,493853,3571594,0,0
"123_07",123,2002,2017,13,14,494923,3571915,0,0
"123_08",123,2002,2017,13,14,494536,3572435,0,0
"123_09",123,2002,2017,13,14,494727,3573251,0,0
"124_01",124,2001,2019,10,12,492793,3568648,0,0
"124_02",124,2001,2019,10,12,493081,3568463,0,0
"124_03",124,2001,2019,10,12,494046,3568221,0,0
"124_04",124,2001,2019,10,12,493490,3569331,0,0
"124_05",124,2001,2019,10,12,494492,3569743,0,0
"124_06",124,2003,2019,8,10,495899,3569872,0,0
"124_07",124,2001,2019,10,12,495787,3570847,0,0
"124_08",124,2001,2019,10,12,496260,3570865,0,0
"124_09",124,2001,2019,10,12,497373,3570752,0,0
"124_10",124,2001,2019,10,12,495611,3571200,0,0
"125_01",125,2002,2021,18,21,493547,3563206,0,0
"125_01a",125,2001,2001,1,1,495371,3563787,1,0
"125_02",125,2002,2021,18,20,495687,3564152,0,0
"125_02a",125,2001,2001,1,1,495730,3564327,1,0
"125_03",125,2016,2021,5,6,497061,3564744,0,0
"125_03a",125,2001,2015,14,15,496998,3564771,1,0
"125_04",125,2018,2021,4,4,496109,3565766,0,0
"125_04a",125,2001,2002,2,2,495716,3565727,1,0
"125_04b",125,2003,2016,13,14,496105,3565827,1,0
"125_05",125,2001,2021,19,21,496536,3565502,0,0
"125_06",125,2001,2021,16,17,492365,3567313,0,0
"125_07",125,2003,2021,14,15,494080,3565986,0,0
"125_07a",125,2001,2002,2,2,494382,3566070,1,0
"125_08",125,2001,2021,15,16,495741,3566345,0,0
"125_09",125,2001,2021,16,17,492570,3567733,0,0
"125_10",125,2006,2021,11,11,493456,3567334,0,0
"125_10a",125,2001,2014,5,6,493243,3567024,1,0
"125_11",125,2002,2021,15,16,494540,3567511,0,0
"125_11a",125,2001,2001,1,1,494754,3567316,1,0
"126_01a",126,2001,2001,1,1,493088,3563288,1,0
"126_02",126,2002,2014,11,12,494070,3563500,0,0
"126_02a",126,2001,2001,1,1,494274,3563696,1,0
"126_03",126,2001,2014,12,12,491998,3565052,0,0
"126_04",126,2002,2014,11,12,493187,3564435,0,0
"126_04a",126,2001,2001,1,1,493034,3564930,1,0
"126_05",126,2002,2015,12,13,493924,3564842,0,0
"126_05a",126,2001,2001,1,1,494565,3564301,1,0
"126_06",126,2001,2015,13,14,491860,3565490,0,0
"126_07",126,2003,2015,11,12,493158,3565883,0,0
"126_07a",126,2001,2002,2,2,493158,3565400,1,0
"126_08",126,2002,2014,11,12,494321,3565886,0,0
"126_08a",126,2001,2001,1,1,494470,3565988,1,0
"126_09",126,2001,2014,11,12,493758,3567267,0,0
"127_02",127,2001,2021,17,19,494755,3562171,0,0
"127_03",127,2001,2021,17,18,493258,3560916,0,0
"127_04a",127,2001,2001,1,1,495956,3561831,1,0
"127_07",127,2001,2021,18,19,492177,3562274,0,0
"127_08",127,2001,2021,18,18,493606,3562707,0,0
"127_09",127,2002,2021,17,17,494013,3562508,0,0
"128_01",128,2001,2016,15,15,495804,3562827,0,0
"128_02",128,2001,2016,15,15,496684,3562118,0,0
"128_03",128,2001,2016,15,15,497956,3562049,0,0
"128_04",128,2001,2016,15,15,498376,3562814,0,0
"128_05",128,2001,2016,15,15,499015,3562041,0,0
"128_06",128,2001,2016,15,15,500078,3562269,0,0
"128_07",128,2001,2016,15,15,501260,3562310,0,0
"128_08",128,2001,2016,15,15,502679,3562797,0,0
"128_09",128,2001,2016,15,15,496933,3563660,0,0
"128_10",128,2001,2016,15,15,497425,3563453,0,0
"129_01",129,2001,2017,13,14,497519,3567554,0,0
"129_02",129,2001,2017,13,14,498135,3567103,0,0
"129_03",129,2001,2017,13,14,497592,3568677,0,0
"129_04",129,2001,2017,13,14,498992,3568119,0,0
"129_05",129,2001,2017,13,14,499677,3568066,0,0
"129_06",129,2001,2017,13,14,499952,3568711,0,0
"129_07",129,2001,2017,13,14,499642,3569196,0,0
"129_08",129,2001,2017,13,14,500938,3569076,0,0
"129_09",129,2001,2017,13,14,500262,3571022,0,0
"129_10",129,2001,2017,13,14,501717,3570767,0,0
"129_11",129,2001,2017,13,14,502638,3570923,0,0
"129_12",129,2001,2017,13,14,503875,3570237,0,0
"130_01",130,2001,2016,14,14,497901,3565829,0,0
"130_02",130,2001,2016,14,14,496796,3566842,0,0
"130_03",130,2001,2016,14,14,497546,3566564,0,0
"130_04",130,2001,2016,14,14,498108,3565920,0,0
"130_05",130,2001,2012,12,12,495907,3567329,0,0
"130_06",130,2003,2016,11,11,496141,3566994,0,0
"130_06a",130,2001,2002,2,2,496072,3566980,1,0
"130_07",130,2001,2016,13,13,495108,3568198,0,0
"130_08",130,2003,2016,11,11,496807,3568736,0,0
"130_08a",130,2001,2002,2,2,496688,3568694,1,0
"130_09",130,2001,2016,13,13,496606,3569838,0,0
"130_10",130,2001,2016,13,13,497856,3569580,0,0
"130_11",130,2001,2016,13,13,498462,3569369,0,0
"131_01",131,2001,2020,14,14,497095,3564697,0,0
"131_02",131,2001,2021,15,15,498100,3564558,0,0
"131_03",131,2001,2021,15,15,498830,3565779,0,0
"131_04",131,2001,2021,15,15,499910,3565356,0,0
"131_05",131,2001,2021,13,13,499491,3566188,0,0
"131_06",131,2001,2021,15,15,499274,3567424,0,0
"131_07",131,2001,2021,15,15,500857,3567005,0,0
"131_08",131,2001,2021,15,15,501816,3567394,0,0
"131_09",131,2001,2021,14,14,501775,3568371,0,0
"131_10",131,2001,2021,15,15,501275,3569780,0,0
"131_11",131,2001,2021,14,14,502381,3569441,0,0
"131_12",131,2001,2019,13,13,503495,3569641,0,0
"131_13",131,2020,2021,2,2,503503,3569602,0,0
"132_01",132,2001,2021,17,17,498425,3563776,0,0
"132_02",132,2001,2021,17,17,499114,3563858,0,0
"132_03",132,2001,2021,17,17,500051,3563598,0,0
"132_04",132,2001,2021,17,17,499832,3564631,0,0
"132_05",132,2001,2021,16,16,500464,3564079,0,0
"132_06",132,2001,2021,17,17,500966,3565394,0,0
"132_07",132,2001,2021,17,17,500930,3566588,0,0
"132_08",132,2001,2021,17,17,501335,3566330,0,0
"132_09",132,2001,2021,17,17,502927,3566097,0,0
"132_10",132,2001,2021,17,17,502235,3567423,0,0
"132_11",132,2001,2021,17,17,502147,3568073,0,0
"132_12",132,2001,2021,17,17,503187,3568709,0,0
"133_01",133,2001,2008,7,7,502048,3560035,0,0
"133_02",133,2001,2008,7,7,502925,3560028,0,0
"133_03",133,2001,2008,7,7,502967,3560712,0,0
"133_04",133,2001,2008,6,6,502700,3561801,0,0
"133_05",133,2001,2008,7,7,503563,3561264,0,0
"133_06",133,2001,2008,7,7,503123,3562219,0,0
"133_07",133,2001,2015,8,8,501753,3563772,0,0
"133_08",133,2002,2008,6,6,502385,3563482,0,0
"133_08a",133,2001,2001,1,1,502250,3563209,1,0
"133_09",133,2001,2008,7,7,503122,3563106,0,0
"133_10",133,2001,2015,8,8,501390,3564401,0,0
"133_11",133,2001,2008,7,7,502315,3564491,0,0
"133_12",133,2001,2015,8,8,501637,3565379,0,0
"134_01",134,2001,2021,14,14,504408,3558210,0,0
"134_02",134,2001,2021,14,14,504237,3559722,0,0
"134_03",134,2006,2021,8,8,504127,3561267,0,0
"134_04",134,2001,2021,14,14,504520,3561995,0,0
"134_05",134,2001,2021,14,14,504204,3562326,0,0
"134_06",134,2001,2021,14,14,504233,3563945,0,0
"134_07",134,2001,2021,14,14,503398,3564758,0,0
"134_08",134,2001,2021,14,14,504505,3564668,0,0
"134_09",134,2001,2021,14,14,502523,3565609,0,0
"134_10",134,2001,2021,14,14,503435,3565395,0,0
"134_11",134,2001,2021,14,14,503234,3567842,0,0
"134_12",134,2001,2021,14,14,503058,3567202,0,0
"135_01",135,2001,2017,12,15,494680,3558305,0,0
"135_02",135,2001,2016,11,14,495091,3557951,0,0
"135_03",135,2001,2016,11,14,495876,3558476,0,0
"135_04",135,2001,2015,10,13,493314,3558510,0,0
"135_05",135,2001,2016,12,14,494433,3559616,0,0
"135_06",135,2001,2016,11,14,495642,3559515,0,0
"135_07a",135,2001,2005,3,4,496415,3559255,1,0
"135_08",135,2001,2016,11,14,493657,3559688,0,0
"135_09a",135,2001,2013,8,11,493284,3560907,1,0
"135_09b",135,2014,2016,3,3,492603,3560840,1,0
"135_10",135,2001,2016,11,14,495326,3560324,0,0
"136_01",136,2001,2013,12,12,499049,3558482,0,0
"136_02",136,2001,2013,12,12,498202,3559066,0,0
"136_03",136,2001,2013,12,12,498461,3560008,0,0
"136_04",136,2001,2013,12,12,499167,3559022,0,0
"136_05a",136,2001,2002,2,2,497687,3560008,1,0
"136_06",136,2001,2013,12,12,498518,3560864,0,0
"136_07",136,2001,2013,12,12,499492,3560507,0,0
"136_08",136,2001,2013,12,12,500055,3560461,0,0
"136_09",136,2001,2013,12,12,498799,3561746,0,0
"136_10",136,2001,2013,12,12,499639,3561400,0,0
"136_11",136,2001,2013,12,12,501042,3561762,0,0
"136_12",136,2001,2013,12,12,501183,3561965,0,0
"137_01",137,2006,2019,13,15,495045,3556061,0,0
"137_02",137,2006,2019,13,14,496500,3556019,0,0
"137_03",137,2006,2019,13,14,495684,3556258,0,0
"137_04",137,2006,2019,13,14,496488,3556371,0,0
"137_05",137,2006,2019,13,14,497697,3556735,0,0
"137_06",137,2006,2019,13,14,494288,3557483,0,0
"137_07",137,2006,2019,13,14,495284,3557679,0,0
"137_08",137,2006,2018,12,13,496841,3557410,0,0
"137_09",137,2006,2019,13,14,497764,3557710,0,0
"137_10",137,2006,2019,13,14,498508,3557708,0,0
"137_11",137,2006,2019,13,14,497679,3558630,0,0
"137_12",137,2006,2019,12,13,498495,3558661,0,0
"138_01",138,2007,2021,11,12,496741,3554364,0,0
"138_02",138,2007,2021,11,12,497337,3554413,0,0
"138_03",138,2007,2021,11,12,497552,3555991,0,0
"138_04",138,2007,2021,10,11,498060,3555675,0,0
"138_05",138,2007,2021,11,12,498612,3556812,0,0
"138_06",138,2007,2021,11,12,499925,3556734,0,0
"138_07",138,2007,2021,11,12,499582,3557783,0,0
"138_08",138,2007,2021,11,13,500305,3557949,0,0
"138_09",138,2007,2021,11,12,500936,3558114,0,0
"138_10",138,2007,2021,11,12,500782,3559674,0,0
"138_11",138,2007,2021,10,11,501435,3559887,0,0
"138_12",138,2007,2021,10,11,502884,3559624,0,0
"139_01",139,2001,2016,15,15,498394,3554413,0,0
"139_02",139,2001,2016,15,15,499282,3554054,0,0
"139_03",139,2001,2016,15,15,499713,3555266,0,0
"139_04",139,2001,2016,15,15,500127,3555726,0,0
"139_05",139,2001,2016,15,15,501651,3555404,0,0
"139_06",139,2001,2016,15,15,500150,3556864,0,0
"139_07",139,2001,2016,15,15,501879,3556003,0,0
"139_08",139,2001,2016,15,15,501139,3557157,0,0
"139_09",139,2001,2016,15,15,501636,3558219,0,0
"139_10",139,2001,2016,15,15,502202,3558982,0,0
"139_11",139,2001,2016,15,15,503930,3558976,0,0
"139_12",139,2001,2016,14,14,503130,3559422,0,0
"140_01",140,2008,2017,7,7,500430,3554739,0,0
"140_02",140,2008,2017,7,7,501319,3554399,0,0
"140_03",140,2008,2017,7,7,502698,3554680,0,0
"140_04",140,2008,2017,7,7,502653,3555385,0,0
"140_05",140,2008,2017,7,7,502906,3556260,0,0
"140_06",140,2008,2017,7,7,502679,3557901,0,0
"140_07",140,2008,2017,7,7,503198,3557785,0,0
"140_08",140,2008,2017,7,7,504746,3557735,0,0
"140_09",140,2008,2017,7,7,505871,3557705,0,0
"140_10",140,2008,2017,7,7,505599,3558220,0,0
"140_11",140,2008,2017,7,7,505375,3559035,0,0
"140_12",140,2008,2017,6,6,505224,3560914,0,0
"141_01",141,2004,2016,8,9,503687,3555271,0,0
"141_02",141,2004,2016,8,9,503548,3556401,0,0
"141_03",141,2004,2016,8,8,504205,3556819,0,0
"141_04",141,2004,2016,8,8,505065,3556076,0,0
"141_05",141,2004,2016,8,8,506250,3556244,0,0
"141_06",141,2004,2016,8,8,506409,3557067,0,0
"141_07",141,2004,2016,8,9,506190,3558210,0,0
"141_08",141,2004,2016,8,9,506577,3559349,0,0
"141_09",141,2004,2016,8,9,506767,3560154,0,0
"141_10",141,2004,2016,8,9,505629,3561363,0,0
"141_11",141,2004,2016,8,9,506044,3561680,0,0
"141_12",141,2004,2016,8,9,505343,3562311,0,0
"142_01",142,2001,2015,6,6,503628,3554905,0,0
"142_02",142,2001,2009,5,5,504106,3554214,0,0
"142_03",142,2001,2015,6,6,504535,3555343,0,0
"142_04",142,2001,2009,5,5,505442,3555334,0,0
"142_05",142,2001,2015,6,6,506117,3555743,0,0
"142_06",142,2001,2021,7,7,507910,3555345,0,0
"142_07",142,2001,2015,6,6,507804,3556724,0,0
"142_08",142,2001,2015,6,6,507657,3557553,0,0
"142_09",142,2001,2007,4,4,507780,3558696,0,0
"142_10",142,2001,2015,6,6,507003,3559492,0,0
"142_11",142,2001,2015,6,6,507734,3560849,0,0
"142_12",142,2004,2015,5,5,507677,3561508,0,0
"143_01",143,2006,2021,10,11,505765,3554685,0,0
"143_02",143,2006,2021,10,11,506588,3554501,0,0
"143_03",143,2006,2021,9,10,507732,3554506,0,0
"143_04",143,2006,2021,9,10,508531,3554522,0,0
"143_05",143,2006,2021,9,10,509314,3554392,0,0
"143_06",143,2006,2021,9,10,510682,3553981,0,0
"143_07",143,2006,2021,10,11,511781,3554911,0,0
"143_08",143,2006,2021,10,11,512169,3554482,0,0
"143_09",143,2006,2021,10,11,508389,3555702,0,0
"143_10",143,2006,2021,10,11,510175,3555783,0,0
"143_11",143,2006,2021,10,11,511805,3555502,0,0
"143_12",143,2006,2021,10,11,511791,3556291,0,0
"144_01",144,2006,2021,10,13,509317,3555684,0,0
"144_02",144,2006,2021,10,12,509073,3556162,0,0
"144_03",144,2006,2021,10,12,509301,3556319,0,0
"144_04",144,2006,2021,10,12,510845,3556938,0,0
"144_05",144,2006,2021,10,12,508226,3557803,0,0
"144_06",144,2006,2021,10,12,508924,3557386,0,0
"144_07",144,2006,2021,10,12,510180,3557515,0,0
"144_08",144,2006,2021,9,10,508784,3558846,0,0
"144_09",144,2006,2021,10,12,509446,3558532,0,0
"144_10",144,2006,2021,10,11,508136,3559079,0,0
"144_11",144,2006,2021,9,10,509231,3559191,0,0
"144_12",144,2006,2021,10,11,508151,3560546,0,0
"145_01",145,2006,2021,3,3,513405,3554279,0,0
"145_02",145,2006,2021,3,3,514724,3554442,0,0
"145_03",145,2006,2021,3,3,516140,3554649,0,0
"145_04",145,2006,2021,3,3,516596,3554085,0,0
"145_05",145,2006,2021,3,3,517581,3553891,0,0
"145_06",145,2006,2021,3,3,512879,3555914,0,0
"145_07",145,2006,2021,3,3,513401,3555549,0,0
"145_08",145,2006,2021,3,3,514683,3555211,0,0
"145_09",145,2006,2006,1,1,515546,3555319,0,0
"145_10",145,2006,2021,3,3,513387,3556440,0,0
"145_11",145,2006,2021,3,3,514855,3556376,0,0
"145_12",145,2006,2021,3,3,513402,3557010,0,0
"146_01",146,2001,2021,20,23,509409,3574177,0,0
"146_02",146,2001,2021,20,21,510728,3573908,0,0
"146_03",146,2001,2021,20,21,513355,3574261,0,0
"146_04",146,2001,2021,20,20,514718,3574716,0,0
"146_05",146,2001,2021,20,21,511047,3575102,0,0
"146_06",146,2001,2021,20,21,513414,3575237,0,0
"146_07",146,2001,2020,17,18,514524,3575297,0,0
"146_08",146,2001,2021,20,21,510486,3577023,0,0
"146_09",146,2001,2021,20,21,511237,3576625,0,0
"146_10",146,2001,2021,20,21,512493,3576255,0,0
"146_11",146,2001,2021,20,21,513260,3576637,0,0
"146_12",146,2001,2021,19,20,513123,3577018,0,0
"147_01",147,2003,2018,14,15,514190,3572439,0,0
"147_01a",147,2001,2002,2,2,514059,3572397,1,0
"147_02",147,2002,2018,15,16,514736,3572409,0,0
"147_03",147,2001,2018,16,18,510544,3573197,0,0
"147_04",147,2001,2018,16,18,511159,3573970,0,0
"147_05",147,2001,2018,17,19,512393,3573319,0,0
"147_06",147,2001,2018,17,18,513126,3573951,0,0
"147_07",147,2001,2018,17,18,514307,3573844,0,0
"147_08",147,2001,2018,16,18,511742,3574521,0,0
"147_09",147,2001,2018,17,18,512979,3574160,0,0
"147_10",147,2003,2018,14,15,511186,3574940,0,0
"147_10a",147,2001,2002,2,2,511129,3574732,1,0
"147_11",147,2001,2018,17,18,512879,3575246,0,0
"148_01",148,2016,2017,2,4,512618,3571048,0,0
"148_01a",148,2001,2014,13,14,512718,3571000,1,0
"148_02",148,2001,2017,15,16,513656,3571353,0,0
"148_03",148,2001,2017,14,15,514346,3571439,0,0
"148_04a",148,2001,2017,15,16,515351,3571198,1,0
"148_05",148,2001,2017,15,16,515310,3572607,0,0
"148_06",148,2017,2017,1,1,515088,3573449,0,0
"148_06a",148,2001,2016,14,15,515099,3573396,1,0
"148_07",148,2001,2017,15,16,515437,3574644,0,0
"148_08",148,2001,2017,15,16,515995,3575593,0,0
"148_09",148,2001,2017,15,16,514820,3576221,0,0
"148_10",148,2001,2017,15,16,516202,3576066,0,0
"149_01",149,2001,2018,12,13,516986,3568358,0,0
"149_02",149,2003,2018,10,12,517970,3568420,0,0
"149_02a",149,2001,2002,2,2,517924,3568467,1,0
"149_03",149,2001,2018,12,13,518925,3568236,0,0
"149_04",149,2001,2018,12,13,520238,3568850,0,0
"149_05",149,2007,2018,8,8,519336,3569822,0,0
"149_05a",149,2001,2005,4,5,519181,3569788,1,0
"149_06",149,2001,2018,13,14,519609,3570634,0,0
"149_07",149,2002,2018,12,13,519889,3571600,0,0
"149_07a",149,2001,2001,1,1,519584,3571223,1,0
"149_08",149,2001,2013,8,9,519722,3572373,0,0
"149_09",149,2003,2018,11,12,518612,3573973,0,0
"149_09a",149,2001,2002,2,2,518458,3573814,1,0
"149_10",149,2001,2018,12,13,519411,3573250,0,0
"149_11",149,2001,2018,11,12,519702,3574213,0,0
"149_12",149,2015,2018,4,5,519785,3574572,0,0
"149_12a",149,2001,2014,8,9,520134,3574501,1,0
"150_01",150,2001,2020,10,11,509593,3563820,0,0
"150_02",150,2001,2020,10,11,510442,3563628,0,0
"150_03",150,2001,2020,10,11,510469,3564102,0,0
"150_04",150,2001,2020,10,11,511650,3564004,0,0
"150_05",150,2001,2020,9,10,510131,3565156,0,0
"150_06",150,2001,2020,9,10,511844,3565845,0,0
"150_07",150,2001,2020,9,10,512164,3565908,0,0
"150_08",150,2001,2020,9,10,511629,3566810,0,0
"150_09",150,2001,2020,9,10,512520,3566779,0,0
"150_10",150,2001,2020,9,10,512372,3567780,0,0
"150_11",150,2001,2020,9,10,513131,3568090,0,0
"150_12",150,2001,2020,9,10,512223,3569454,0,0
"151_01",151,2001,2021,17,22,515611,3569943,0,0
"151_02",151,2001,2021,17,22,516993,3569438,0,0
"151_03",151,2001,2021,17,22,517594,3569326,0,0
"151_04",151,2001,2021,16,22,518008,3569405,0,0
"151_05",151,2001,2021,17,22,517798,3570698,0,0
"151_06",151,2001,2021,16,19,518516,3570269,0,0
"151_07",151,2001,2021,17,20,517697,3571395,0,0
"151_08",151,2001,2021,17,20,518331,3571849,0,0
"151_09",151,2005,2021,9,13,517343,3572702,0,0
"151_09a",151,2001,2019,8,8,517357,3572644,1,0
"151_10",151,2001,2021,17,20,518210,3572325,0,0
"151_11",151,2001,2021,17,20,517112,3573878,0,0
"151_12",151,2001,2021,16,19,517593,3574034,0,0
"152_01",152,2001,2018,15,18,512009,3563836,0,0
"152_02",152,2001,2018,15,17,512739,3564997,0,0
"152_03",152,2001,2018,14,16,513742,3564483,0,0
"152_04",152,2001,2018,15,17,513339,3565733,0,0
"152_05",152,2001,2018,15,17,513911,3566073,0,0
"152_06",152,2001,2018,15,17,514522,3566041,0,0
"152_07",152,2001,2018,15,17,515392,3566608,0,0
"152_08",152,2001,2018,13,15,513655,3567999,0,0
"152_09",152,2001,2018,14,16,514695,3567377,0,0
"152_10",152,2001,2018,15,17,513132,3568105,0,0
"153_01",153,2001,2021,15,16,517945,3563320,0,0
"153_02",153,2001,2021,14,15,517653,3564580,0,0
"153_03",153,2001,2021,14,14,515969,3565867,0,0
"153_04",153,2002,2021,13,14,516278,3565177,0,0
"153_04a",153,2017,2017,1,1,516437,3565166,1,0
"153_05",153,2001,2021,14,15,517305,3565410,0,0
"153_06",153,2001,2021,14,15,516629,3566628,0,0
"153_07",153,2001,2021,14,15,515663,3567394,0,0
"153_08",153,2001,2021,14,15,516249,3567830,0,0
"153_09",153,2001,2019,13,14,514105,3568621,0,0
"153_10",153,2001,2021,14,15,515520,3568001,0,0
"153_11",153,2001,2019,13,14,513186,3569413,0,0
"153_12",153,2001,2019,13,14,514269,3569302,0,0
"154_01",154,2001,2019,11,11,511312,3562468,0,0
"154_02",154,2001,2019,12,12,512631,3562289,0,0
"154_03",154,2001,2019,12,12,514014,3562525,0,0
"154_04",154,2001,2019,11,11,511976,3563483,0,0
"154_05",154,2001,2019,12,12,513026,3563275,0,0
"154_06",154,2001,2019,12,12,514035,3563871,0,0
"154_07",154,2001,2019,11,11,515645,3563091,0,0
"154_08",154,2001,2019,11,11,516087,3563672,0,0
"154_09",154,2001,2019,12,12,514597,3564712,0,0
"154_10",154,2001,2019,10,10,515864,3564202,0,0
"154_11",154,2001,2019,11,11,516471,3564329,0,0
"154_12",154,2001,2019,11,11,514178,3565802,0,0
"155_01",155,2003,2015,9,10,513789,3561386,0,0
"155_02",155,2003,2015,9,10,514773,3561095,0,0
"155_03",155,2003,2015,9,10,517393,3561630,0,0
"155_04",155,2003,2015,9,10,518088,3561583,0,0
"155_05",155,2002,2015,10,11,519205,3561419,0,0
"155_06",155,2002,2015,10,11,520120,3561677,0,0
"155_07",155,2002,2015,10,11,521797,3561458,0,0
"155_08",155,2002,2015,10,11,522565,3561118,0,0
"155_09",155,2003,2015,9,10,514335,3562156,0,0
"155_10",155,2003,2015,9,10,515151,3562654,0,0
"155_11",155,2003,2015,9,10,516614,3562113,0,0
"155_12",155,2003,2015,8,9,517322,3562021,0,0
"156_01",156,2001,2019,13,14,521755,3568753,0,0
"156_02",156,2001,2019,14,14,520710,3569860,0,0
"156_03",156,2001,2019,14,14,521410,3569501,0,0
"156_04",156,2001,2019,14,14,520352,3570320,0,0
"156_05",156,2001,2019,14,14,520111,3571315,0,0
"156_06",156,2001,2019,14,14,521066,3571625,0,0
"156_07",156,2001,2019,14,14,520388,3572862,0,0
"156_08",156,2001,2019,14,14,521122,3572636,0,0
"156_09",156,2001,2019,14,14,520656,3573187,0,0
"156_10",156,2001,2019,14,14,521513,3573724,0,0
"156_11",156,2001,2019,9,9,521896,3574116,0,0
"156_12",156,2001,2012,7,7,522155,3574217,0,0
"157_01",157,2001,2020,14,16,518452,3562025,0,0
"157_02",157,2001,2020,14,16,518320,3563430,0,0
"157_03",157,2001,2020,14,16,518168,3564142,0,0
"157_04",157,2001,2020,14,16,518887,3564943,0,0
"157_05",157,2006,2020,11,12,517794,3566525,0,0
"157_05a",157,2001,2006,4,4,517778,3566545,1,0
"157_06",157,2001,2020,14,16,518990,3566255,0,0
"157_07",157,2001,2020,14,16,520603,3566775,0,0
"157_08",157,2001,2020,13,15,517389,3567477,0,0
"157_09",157,2001,2020,14,16,518802,3567318,0,0
"157_10",157,2001,2020,14,16,519883,3567481,0,0
"157_11",157,2001,2020,13,15,520430,3567494,0,0
"157_12",157,2001,2020,14,16,520569,3568528,0,0
"158_01",158,2001,2020,12,17,522389,3567599,0,0
"158_02",158,2001,2020,12,17,522009,3568246,0,0
"158_03",158,2001,2020,12,17,522166,3569077,0,0
"158_04",158,2001,2020,12,17,521252,3570866,0,0
"158_05",158,2001,2020,12,17,522509,3570278,0,0
"158_06",158,2001,2020,12,17,522412,3571239,0,0
"158_07",158,2001,2020,12,17,522755,3572662,0,0
"158_08",158,2001,2020,11,17,522455,3573179,0,0
"158_09",158,2006,2020,7,12,523547,3573687,0,0
"158_09a",158,2001,2004,4,5,523254,3573661,1,0
"158_10",158,2001,2020,12,16,523882,3573976,0,0
"158_11",158,2001,2020,12,17,524570,3574717,0,0
"158_12",158,2007,2020,7,11,526260,3574768,0,0
"158_12a",158,2001,2006,5,6,524964,3574163,1,0
"159_01",159,2001,2021,15,16,522658,3566426,0,0
"159_02",159,2001,2021,15,16,523486,3566475,0,0
"159_03",159,2001,2021,15,16,523897,3567796,0,0
"159_04",159,2001,2020,14,15,523779,3568456,0,0
"159_05",159,2001,2021,15,16,523387,3569583,0,0
"159_06",159,2001,2021,15,16,523579,3570441,0,0
"159_07",159,2001,2020,14,15,523130,3571220,0,0
"159_08",159,2001,2021,15,16,523662,3572655,0,0
"159_09",159,2001,2021,15,16,524194,3572114,0,0
"159_10",159,2001,2021,15,16,524375,3573490,0,0
"159_11",159,2001,2021,15,16,525284,3573548,0,0
"160_01",160,2015,2021,4,5,522526,3564718,0,0
"160_01a",160,2001,2018,13,15,522563,3564784,1,0
"160_02",160,2001,2021,17,19,521882,3565745,0,0
"160_03",160,2001,2021,17,19,522203,3565763,0,0
"160_04",160,2015,2021,4,4,523287,3564954,0,0
"160_04a",160,2001,2018,13,16,523470,3564964,1,0
"160_05",160,2001,2021,16,18,524542,3565023,0,0
"160_06",160,2001,2021,17,19,521752,3566407,0,0
"160_07",160,2015,2021,7,7,524672,3566531,0,0
"160_07a",160,2001,2013,10,11,524697,3566503,1,0
"160_08",160,2001,2021,17,19,525115,3567088,0,0
"160_09",160,2001,2021,17,19,526110,3566983,0,0
"160_10",160,2015,2021,7,8,527307,3566568,0,0
"160_10a",160,2001,2013,9,10,527355,3566306,1,0
"160_11",160,2015,2021,7,8,521294,3567658,0,0
"160_11a",160,2001,2013,10,11,521339,3567663,1,0
"161_01",161,2001,2021,19,19,524918,3567731,0,0
"161_02",161,2001,2021,19,19,525475,3567513,0,0
"161_03",161,2001,2021,19,19,524775,3568498,0,0
"161_04",161,2001,2021,18,18,525314,3568123,0,0
"161_05",161,2015,2021,5,5,524280,3569165,0,0
"161_05a",161,2001,2014,14,14,524374,3569360,1,0
"161_06",161,2001,2021,19,19,524647,3570420,0,0
"161_07",161,2001,2021,19,19,524270,3571556,0,0
"161_08",161,2001,2021,19,19,525756,3571388,0,0
"161_09",161,2014,2021,6,6,525329,3572652,0,0
"161_10",161,2001,2021,19,19,526295,3572725,0,0
"162_01",162,2001,2020,15,15,526643,3567854,0,0
"162_02",162,2001,2020,15,16,527828,3567901,0,0
"162_03",162,2001,2020,15,15,526137,3568256,0,0
"162_04",162,2001,2020,15,16,527477,3568395,0,0
"162_05",162,2001,2020,16,16,525550,3569659,0,0
"162_06",162,2001,2020,16,16,526266,3569921,0,0
"162_07",162,2001,2020,16,16,527874,3569698,0,0
"162_08",162,2001,2020,16,16,525780,3570110,0,0
"162_08a",162,2018,2018,1,1,525800,3570296,1,0
"162_09",162,2001,2020,16,16,526480,3570940,0,0
"162_10",162,2001,2020,16,17,526289,3571454,0,0
"163_01",163,2001,2020,10,10,523041,3559695,0,0
"163_02",163,2001,2020,10,10,523733,3560096,0,0
"163_03",163,2001,2020,10,10,523926,3561537,0,0
"163_04",163,2001,2020,10,10,520064,3562841,0,0
"163_05",163,2001,2020,10,10,520790,3562780,0,0
"163_06",163,2001,2020,10,10,521656,3562640,0,0
"163_07",163,2001,2020,10,10,522104,3562683,0,0
"163_08",163,2001,2020,10,10,523159,3562166,0,0
"163_09",163,2001,2020,10,10,519192,3563744,0,0
"163_10",163,2001,2020,10,10,519664,3564689,0,0
"163_11",163,2001,2020,10,10,519646,3565717,0,0
"163_12",163,2001,2020,10,10,519029,3566160,0,0
"164_01",164,2001,2018,18,18,520553,3563826,0,0
"164_02",164,2001,2018,18,18,521609,3563745,0,0
"164_03",164,2001,2018,18,18,522058,3563828,0,0
"164_04",164,2001,2018,18,18,523348,3563938,0,0
"164_05",164,2001,2018,18,18,520299,3564129,0,0
"164_06",164,2001,2018,17,17,521061,3564219,0,0
"164_07",164,2001,2018,18,18,523958,3564334,0,0
"164_08",164,2001,2018,17,17,524051,3564746,0,0
"164_09",164,2001,2018,18,18,525726,3564577,0,0
"164_10",164,2001,2018,18,18,520784,3565583,0,0
"164_11",164,2001,2018,18,18,525751,3565364,0,0
"165_01",165,2001,2021,18,18,525063,3555904,0,0
"165_02",165,2001,2021,18,18,524979,3556849,0,0
"165_03",165,2001,2021,18,18,524712,3558108,0,0
"165_04",165,2003,2021,17,17,526015,3558493,0,0
"165_05",165,2001,2021,18,18,524715,3558921,0,0
"165_06",165,2001,2021,18,18,525071,3558161,0,0
"165_07",165,2001,2021,18,18,524631,3559946,0,0
"165_08",165,2001,2021,18,18,524309,3560213,0,0
"165_09",165,2001,2021,18,18,525078,3560557,0,0
"165_10",165,2001,2021,18,18,524222,3561423,0,0
"165_11",165,2001,2021,18,18,525457,3561666,0,0
"165_12",165,2001,2021,18,18,524521,3562354,0,0
"165_13",165,2001,2021,18,18,524240,3563544,0,0
"166_01",166,2001,2021,17,17,515187,3558535,0,0
"166_02",166,2001,2021,17,17,517117,3558644,0,0
"166_03",166,2001,2021,17,17,515965,3559896,0,0
"166_04",166,2001,2021,17,17,516267,3559439,0,0
"166_05",166,2001,2021,17,17,518123,3559031,0,0
"166_06",166,2001,2021,17,17,515403,3559940,0,0
"166_07",166,2001,2021,17,17,516259,3560069,0,0
"166_08",166,2001,2021,17,17,517601,3560489,0,0
"166_09",166,2006,2021,14,14,518747,3560074,0,0
"166_09a",166,2001,2003,3,3,518562,3560656,1,0
"166_10",166,2001,2021,17,17,515360,3561701,0,0
"166_11",166,2001,2021,17,17,516494,3561646,0,0
"167_01",167,2003,2021,15,15,521614,3557500,0,0
"167_02",167,2003,2021,16,16,522116,3557774,0,0
"167_03",167,2003,2021,14,14,521814,3558531,0,0
"167_04",167,2003,2021,16,16,522227,3558985,0,0
"167_05",167,2005,2021,15,15,523074,3559195,0,0
"167_05a",167,2003,2003,1,1,523267,3558093,1,0
"167_06",167,2003,2021,16,16,521586,3559641,0,0
"167_07",167,2003,2021,15,15,522441,3559561,0,0
"167_08",167,2003,2021,15,15,519371,3560784,0,0
"167_09",167,2003,2021,15,15,520200,3560834,0,0
"167_10",167,2003,2021,15,15,521542,3560399,0,0
"167_11",167,2005,2021,15,15,523010,3559392,0,0
"167_11a",167,2003,2003,1,1,522572,3559597,1,0
"168_01",168,2009,2021,12,12,521419,3555657,0,0
"168_02",168,2008,2020,12,12,522674,3553679,0,0
"168_03",168,2008,2021,12,12,523680,3555008,0,0
"168_04",168,2008,2021,12,12,521660,3555259,0,0
"168_05",168,2008,2021,12,12,522261,3555270,0,0
"168_06",168,2009,2020,10,10,523631,3555774,0,0
"168_07",168,2008,2021,12,12,521727,3556872,0,0
"168_08",168,2008,2021,12,12,522518,3556893,0,0
"168_09",168,2008,2021,12,12,523355,3556887,0,0
"168_10",168,2008,2021,12,12,523080,3557570,0,0
"169_01",169,2013,2021,8,9,519857,3554941,0,0
"169_02",169,2013,2021,7,8,520832,3554287,0,0
"169_03",169,2013,2021,8,9,520717,3555242,0,0
"169_04",169,2013,2021,8,9,520287,3556166,0,0
"169_05",169,2013,2020,7,8,520687,3557806,0,0
"169_06",169,2013,2021,8,10,518209,3558846,0,0
"169_07",169,2013,2021,8,9,519008,3558654,0,0
"169_08",169,2013,2021,8,9,521019,3558763,0,0
"169_09",169,2013,2021,8,9,518883,3559299,0,0
"169_10",169,2013,2021,7,8,519917,3559296,0,0
"169_11",169,2013,2021,8,9,520516,3559297,0,0
"170_01",170,2001,2018,14,15,505873,3576156,0,0
"170_02",170,2001,2018,13,13,505374,3577543,0,0
"170_03",170,2001,2018,14,14,503993,3578496,0,0
"170_04",170,2001,2018,14,14,504513,3578636,0,0
"170_05",170,2001,2018,14,14,506306,3578748,0,0
"170_06",170,2001,2018,14,15,503141,3579408,0,0
"170_07",170,2001,2018,14,15,504057,3579631,0,0
"170_08",170,2001,2018,14,14,505277,3579073,0,0
"170_09",170,2001,2018,14,15,503129,3580106,0,0
"170_10",170,2001,2018,14,15,503317,3581348,0,0
"170_11",170,2001,2018,14,15,503659,3582616,0,0
"170_12",170,2001,2018,14,15,504347,3582747,0,0
"171_01",171,2001,2017,16,16,491211,3557343,0,0
"171_02",171,2001,2017,16,16,492851,3556840,0,0
"171_03",171,2001,2017,16,16,493435,3556807,0,0
"171_04",171,2001,2016,15,15,491285,3558673,0,0
"171_05",171,2001,2017,16,16,492360,3558690,0,0
"171_06",171,2001,2017,16,16,493188,3558756,0,0
"171_07",171,2001,2016,14,14,491806,3559077,0,0
"171_08",171,2001,2017,15,15,492434,3559065,0,0
"171_09",171,2001,2017,16,16,491900,3560578,0,0
"171_10",171,2001,2017,16,16,492423,3560042,0,0
"171_11",171,2001,2017,16,16,491606,3561460,0,0
"171_12",171,2001,2017,16,16,492368,3561742,0,0
"172_01",172,2002,2020,12,13,504150,3583346,0,0
"172_04",172,2002,2020,12,13,504800,3584990,0,0
"172_05",172,2002,2020,12,12,505214,3584693,0,0
"172_06",172,2002,2020,10,11,505606,3584532,0,0
"172_07",172,2002,2020,12,13,505731,3585668,0,0
"172_08",172,2002,2013,11,12,505893,3585429,0,0
"172_09",172,2002,2012,9,11,506527,3586548,0,0
"173_01",173,2002,2021,11,11,498177,3581525,0,0
"173_02",173,2002,2021,11,11,499692,3581806,0,0
"173_03",173,2002,2021,10,10,500750,3581780,0,0
"173_03a",173,2004,2004,1,1,499851,3581130,1,0
"173_04",173,2002,2021,10,10,500163,3582864,0,0
"173_05",173,2002,2021,11,11,501597,3582621,0,0
"173_06",173,2002,2021,11,11,502200,3582666,0,0
"173_07",173,2002,2021,11,11,501246,3583284,0,0
"173_08",173,2002,2021,11,11,502358,3583918,0,0
"173_09",173,2002,2021,10,10,503136,3583154,0,0
"173_10",173,2002,2021,10,10,502598,3584219,0,0
"173_11",173,2002,2021,10,10,503054,3584697,0,0
"174_01",174,2002,2016,9,12,500604,3583229,0,0
"174_02",174,2002,2016,9,12,500561,3584699,0,0
"174_03",174,2002,2016,9,12,501740,3584708,0,0
"174_04",174,2002,2013,8,11,500461,3585811,0,0
"174_05",174,2005,2013,7,9,501618,3585445,0,0
"174_05a",174,2002,2002,1,2,501535,3585476,1,0
"174_06",174,2002,2013,8,11,502234,3585857,0,0
"174_07",174,2002,2013,8,11,502810,3585087,0,0
"174_08",174,2002,2020,9,12,504039,3585244,0,0
"174_09",174,2002,2020,9,12,503343,3586372,0,0
"174_10",174,2002,2013,8,11,504659,3586244,0,0
"174_11",174,2005,2014,8,10,505283,3586722,0,0
"174_11a",174,2002,2002,1,2,505319,3586456,1,0
"174_12",174,2002,2013,8,11,504781,3587334,0,0
"175_01",175,2003,2011,7,9,491728,3578684,0,0
"175_02",175,2003,2011,7,9,492472,3578642,0,0
"175_03",175,2003,2011,7,9,493641,3578257,0,0
"175_04",175,2003,2011,7,9,494764,3578555,0,0
"175_05",175,2003,2011,7,9,495542,3578727,0,0
"175_06",175,2003,2011,7,9,496193,3578722,0,0
"175_07",175,2003,2011,7,9,496151,3579732,0,0
"175_08",175,2003,2011,7,9,497777,3579410,0,0
"175_09",175,2003,2011,7,9,497194,3580706,0,0
"175_10",175,2003,2011,7,9,498309,3580656,0,0
"175_11",175,2003,2011,7,9,497192,3581494,0,0
"175_12",175,2003,2011,7,9,497992,3582449,0,0
"176_01",176,2003,2012,4,8,487439,3578713,0,0
"176_02",176,2004,2010,3,5,488435,3578517,0,0
"176_02a",176,2003,2004,2,2,488660,3578438,1,0
"176_03",176,2003,2012,5,8,489529,3578156,0,0
"176_04",176,2003,2012,5,8,490129,3578173,0,0
"176_05",176,2003,2012,5,8,488391,3579266,0,0
"176_06",176,2003,2010,4,7,489229,3579416,0,0
"176_07",176,2003,2012,5,8,490455,3579683,0,0
"176_08",176,2003,2012,5,8,491484,3579305,0,0
"176_09",176,2003,2010,4,6,488233,3580533,0,0
"176_10",176,2003,2010,4,7,489349,3580135,0,0
"176_11",176,2003,2012,5,8,491623,3580450,0,0
"176_12",176,2003,2012,5,7,492139,3580703,0,0
"177_01",177,2002,2021,18,19,492748,3579429,0,0
"177_02",177,2002,2021,18,19,493296,3579777,0,0
"177_03",177,2002,2021,18,19,494782,3579730,0,0
"177_04",177,2002,2021,18,19,495443,3579170,0,0
"177_05",177,2019,2021,3,4,493257,3580250,0,0
"177_05a",177,2002,2017,15,15,493218,3580781,1,0
"177_06",177,2002,2021,18,19,494603,3580431,0,0
"177_07",177,2002,2021,18,19,495682,3580748,0,0
"177_08",177,2013,2021,8,9,496431,3580641,0,0
"177_08a",177,2002,2011,10,10,496308,3580600,1,0
"177_09",177,2013,2021,8,9,491304,3581197,0,0
"177_09a",177,2002,2011,10,10,491386,3581632,1,0
"177_10",177,2002,2021,18,19,492598,3581865,0,0
"177_11",177,2002,2021,18,19,493625,3581616,0,0
"177_12",177,2013,2021,7,8,494106,3581127,0,0
"177_12a",177,2002,2011,10,10,494363,3581045,1,0
"178_01",178,2002,2019,12,12,490805,3580650,0,0
"178_02",178,2002,2019,12,12,489356,3581322,0,0
"178_03",178,2002,2019,12,12,490397,3581589,0,0
"178_04",178,2002,2019,12,12,495241,3581488,0,0
"178_05",178,2002,2019,12,12,496177,3581441,0,0
"178_06",178,2002,2019,12,12,490725,3582839,0,0
"178_07",178,2002,2019,12,12,491508,3582438,0,0
"178_08",178,2002,2019,12,12,492533,3582363,0,0
"178_09",178,2002,2019,12,12,493854,3582353,0,0
"178_10",178,2002,2019,12,12,494080,3582621,0,0
"178_11",178,2002,2019,12,12,495038,3581971,0,0
"178_12",178,2002,2019,12,12,496236,3582445,0,0
"179_01",179,2002,2015,6,9,486361,3578171,0,0
"179_02",179,2002,2015,6,8,486493,3579770,0,0
"179_03",179,2002,2015,6,8,487383,3579433,0,0
"179_04",179,2002,2014,4,6,486309,3580403,0,0
"179_05",179,2002,2015,6,8,487563,3580450,0,0
"179_06",179,2002,2015,6,8,486798,3581494,0,0
"179_07",179,2014,2015,2,3,487095,3581487,0,0
"179_07a",179,2002,2013,4,6,487129,3581516,1,0
"179_08",179,2002,2015,6,8,488862,3581535,0,0
"179_09",179,2002,2015,6,8,486587,3582207,0,0
"179_10",179,2002,2015,6,8,487552,3582300,0,0
"179_11",179,2002,2014,5,7,488361,3582429,0,0
"179_12",179,2002,2015,6,8,489232,3582088,0,0
"180_01",180,2007,2021,12,13,498606,3582957,0,0
"180_01a",180,2002,2005,4,4,498477,3582834,1,0
"180_02",180,2002,2021,17,18,499854,3581918,0,0
"180_03",180,2002,2021,16,17,493257,3582939,0,0
"180_04",180,2002,2021,17,18,494896,3583789,0,0
"180_05",180,2002,2021,16,17,495831,3583116,0,0
"180_06",180,2002,2021,17,18,496911,3583746,0,0
"180_07",180,2002,2021,17,18,497591,3583591,0,0
"180_08",180,2007,2021,12,13,498665,3583396,0,0
"180_08a",180,2002,2006,5,5,498461,3583450,1,0
"180_09",180,2002,2021,17,18,499329,3583176,0,0
"180_10",180,2002,2021,17,18,497513,3584753,0,0
"180_11",180,2002,2021,17,18,498498,3584039,0,0
"180_12",180,2002,2021,15,16,499657,3584373,0,0
"181_01",181,2014,2018,5,5,502346,3586794,0,0
"181_01a",181,2004,2013,8,9,502544,3586772,1,0
"181_02",181,2014,2018,5,5,501681,3587344,0,0
"181_02a",181,2004,2013,8,9,501584,3587504,1,0
"181_03",181,2004,2018,13,15,502221,3587860,0,0
"181_04",181,2004,2018,13,15,503791,3587423,0,0
"181_05",181,2004,2018,13,15,501552,3588206,0,0
"181_06",181,2004,2018,13,15,502498,3588215,0,0
"181_07",181,2004,2018,11,13,501576,3589312,0,0
"181_08",181,2004,2018,13,15,502275,3589489,0,0
"181_09",181,2004,2018,13,15,501794,3590577,0,0
"181_10",181,2004,2018,13,15,502189,3590837,0,0
"181_11",181,2004,2018,13,15,501207,3591096,0,0
"182_01",182,2004,2021,15,16,498294,3586675,0,0
"182_02",182,2004,2021,15,16,499390,3586467,0,0
"182_03",182,2004,2021,13,15,500796,3586579,0,0
"182_04",182,2004,2021,13,15,501387,3586079,0,0
"182_05",182,2004,2021,15,16,499814,3587114,0,0
"182_06",182,2004,2021,14,16,500677,3587354,0,0
"182_07",182,2004,2020,14,15,500135,3587540,0,0
"182_08",182,2004,2021,15,16,500431,3589199,0,0
"182_09",182,2004,2021,14,15,500214,3590273,0,0
"182_10",182,2004,2021,15,16,500037,3591207,0,0
"182_11",182,2004,2021,13,15,501966,3590712,0,0
"183_01",183,2004,2016,10,12,492839,3583593,0,0
"183_02",183,2004,2016,10,12,492898,3585426,0,0
"183_03",183,2004,2016,9,11,493246,3584273,0,0
"183_04",183,2004,2016,9,11,494621,3584251,0,0
"183_05",183,2004,2016,10,12,495483,3584671,0,0
"183_06",183,2004,2016,10,12,496252,3584459,0,0
"183_07",183,2004,2016,10,12,495402,3585872,0,0
"183_08",183,2004,2016,10,12,496408,3585287,0,0
"183_09",183,2004,2016,10,12,497455,3585062,0,0
"183_10",183,2004,2016,10,12,498777,3585560,0,0
"183_11",183,2004,2016,10,12,499356,3585286,0,0
"184_01",184,2002,2017,12,14,490031,3557225,0,0
"184_02",184,2002,2017,12,13,490323,3557686,0,0
"184_03a",184,2002,2003,2,2,489055,3558321,1,0
"184_04",184,2002,2017,12,13,490805,3558678,0,0
"184_05",184,2002,2017,12,13,489040,3559835,0,0
"184_06",184,2002,2017,12,13,490874,3559798,0,0
"184_07",184,2002,2017,12,13,489453,3561123,0,0
"184_08",184,2002,2017,12,13,490285,3560897,0,0
"184_09",184,2002,2017,12,13,489869,3561364,0,0
"184_10",184,2002,2017,12,13,490258,3561854,0,0
"184_10a",184,2017,2017,1,1,490402,3561736,1,0
"184_11a",184,2002,2006,4,4,490053,3562316,1,0
"184_12",184,2002,2017,12,13,491723,3562505,0,0
"185_01",185,2003,2020,14,17,496853,3560629,0,0
"185_02",185,2003,2020,14,16,497675,3560815,0,0
"185_03",185,2001,2020,16,18,496057,3561438,0,0
"185_04",185,2001,2020,16,18,496822,3561476,0,0
"185_05",185,2001,2020,16,18,497729,3561405,0,0
"501_01",501,2001,2019,6,28,511349,3569545,0,0
"501_02",501,2001,2019,6,25,511590,3569714,0,0
"501_03",501,2001,2020,7,25,511336,3569763,0,0
"501_04",501,2001,2021,8,26,511235,3569960,0,0
"501_05",501,2001,2021,8,24,511353,3570169,0,0
"501_06",501,2001,2021,8,25,511652,3570220,0,0
"501_07",501,2001,2019,6,23,511084,3569629,0,0
"501_08",501,2001,2021,8,23,510932,3570093,0,0
"501_09",501,2001,2021,8,25,510555,3570014,0,0
"501_10",501,2001,2019,6,18,510597,3569828,0,0
"501_11",501,2001,2019,6,17,510859,3569845,0,0
"501_12",501,2001,2020,6,22,510820,3569531,0,0
"501_13",501,2020,2021,2,3,511116,3569993,0,0
"501_14",501,2020,2021,2,3,510699,3570437,0,0
"501_15",501,2020,2021,2,3,510933,3570341,0,0
"501_16",501,2020,2021,2,3,511265,3570270,0,0
"501_17",501,2020,2021,2,3,511517,3570281,0,0
"501_18",501,2020,2021,2,3,510214,3570437,0,0
"501_19",501,2021,2021,1,2,511328,3569999,0,0
"502_01",502,2001,2020,20,71,499397,3560414,0,0
"502_02",502,2001,2020,19,69,498971,3560717,0,0
"502_03",502,2001,2020,19,68,499185,3560871,0,0
"502_04",502,2001,2020,19,67,498676,3560717,0,0
"502_05",502,2001,2020,19,69,498616,3560434,0,0
"503_01",503,2001,2021,15,47,511774,3569207,0,0
"503_02",503,2001,2021,15,43,511794,3569465,0,0
"503_03",503,2001,2021,15,44,511976,3569372,0,0
"503_04",503,2001,2021,15,44,512181,3569308,0,0
"503_05",503,2001,2021,15,45,512468,3569359,0,0
"503_06",503,2001,2021,15,42,512048,3569125,0,0
"504_01",504,2001,2019,18,37,484381,3567585,0,0
"504_02",504,2001,2019,18,35,484134,3567546,0,0
"504_03",504,2001,2019,18,36,484073,3567478,0,0
"504_04",504,2001,2018,17,35,484065,3567437,0,0
"504_05",504,2001,2019,18,36,484142,3567298,0,0
"504_06",504,2001,2019,18,36,484060,3567242,0,0
"504_07",504,2001,2019,18,36,483978,3567347,0,0
"504_08",504,2001,2019,18,36,484166,3567339,0,0
"504_09",504,2001,2019,18,37,484258,3567358,0,0
"504_10",504,2001,2019,18,36,484280,3567353,0,0
"505_01",505,2001,2021,16,48,498065,3571374,0,0
"505_02",505,2001,2021,16,50,497965,3571038,0,0
"505_03",505,2001,2021,17,52,497628,3571133,0,0
"505_04",505,2001,2021,17,51,497410,3571358,0,0
"505_05",505,2001,2021,17,51,497597,3571402,0,0
"505_06",505,2001,2020,16,49,497850,3571275,0,0
"506_01",506,2001,2021,17,42,500434,3561979,0,0
"506_02",506,2001,2018,16,40,500578,3561754,0,0
"506_03",506,2001,2021,17,40,500427,3561509,0,0
"506_04",506,2001,2021,17,40,500338,3561233,0,0
"507_01",507,2001,2017,15,46,507604,3564318,0,0
"507_02",507,2001,2017,15,47,507129,3564419,0,0
"507_03",507,2001,2017,15,45,506688,3564435,0,0
"508_01",508,2002,2021,20,69,525369,3571630,0,0
"508_02",508,2002,2021,20,69,525074,3571662,0,0
"508_03",508,2002,2021,20,69,524822,3571628,0,0
"508_04",508,2002,2021,20,72,525054,3571838,0,0
"508_05",508,2014,2021,8,22,525321,3571797,0,0
"508_05a",508,2002,2014,13,45,525285,3571836,1,0
"508_06",508,2015,2021,7,24,525519,3571700,0,0
"508_06a",508,2002,2014,13,46,525587,3571794,1,0
"508_07",508,2015,2021,7,24,524615,3571844,0,0
"508_07a",508,2002,2014,13,46,524620,3571844,1,0
"509_01",509,2002,2020,14,41,506684,3560741,0,0
"509_02",509,2002,2020,14,37,506368,3560903,0,0
"509_03",509,2002,2020,14,38,506083,3560780,0,0
"509_04",509,2002,2020,12,32,505915,3560554,0,0
"509_05",509,2002,2020,14,37,506157,3560397,0,0
"509_06",509,2002,2020,13,40,506296,3560635,0,0
"509_07",509,2002,2020,14,40,506489,3560423,0,0
"509_TA",509,2002,2020,13,34,506498,3560743,0,1
"509_TB",509,2002,2020,14,38,506850,3560912,0,1
"509_TC",509,2002,2020,14,35,506625,3560972,0,1
"509_TD",509,2002,2020,14,36,506225,3560814,0,1
"510_01",510,2002,2021,17,55,494904,3581145,0,0
"510_02",510,2002,2021,17,54,495513,3581259,0,0
"510_03",510,2002,2021,17,55,495053,3581320,0,0
"510_04",510,2002,2021,17,53,495257,3581462,0,0
"510_05",510,2002,2021,17,52,495299,3581508,0,0
"510_06",510,2002,2021,17,55,495012,3581862,0,0
"510_07",510,2002,2021,17,54,495137,3582112,0,0
"510_08",510,2002,2021,17,54,494604,3581170,0,0
"510_TA",510,2002,2021,17,54,494957,3581862,0,1
"510_TB",510,2002,2021,18,53,495098,3581080,0,1
"510_TC",510,2002,2021,17,54,495422,3581280,0,1
"510_TD",510,2002,2021,17,53,495262,3581554,0,1
"510_TE",510,2002,2021,17,55,494836,3581284,0,1
"511_01",511,2002,2020,15,40,495542,3581000,0,0
"511_02",511,2002,2020,15,40,495239,3580929,0,0
"511_TA",511,2002,2020,15,41,495359,3580975,0,1
"511_TB",511,2002,2020,15,42,495427,3580871,0,1
"512_01",512,2002,2019,16,57,519030,3568149,0,0
"512_02",512,2002,2021,17,59,520604,3567350,0,0
"512_03",512,2002,2021,16,58,520264,3567271,0,0
"512_04",512,2002,2019,14,52,520174,3567430,0,0
"512_05",512,2002,2021,18,60,519769,3567931,0,0
"512_06",512,2020,2021,2,2,519029,3568150,0,0
"512_T1",512,2002,2021,17,59,521075,3567611,0,1
"512_T2",512,2002,2021,17,60,521450,3566905,0,1
"512_T3",512,2002,2021,16,57,521025,3566861,0,1
"512_T4",512,2002,2021,16,59,520487,3567122,0,1
"512_T5",512,2002,2021,18,63,519955,3567696,0,1
"512_T6",512,2002,2021,18,59,519193,3568182,0,1
"512_T7",512,2002,2020,16,58,518370,3568128,0,1
"513_01",513,2002,2019,8,15,533851,3542593,0,0
"513_02",513,2002,2002,1,3,534058,3542384,0,0
"513_03",513,2002,2002,1,3,534336,3542280,0,0
"513_04",513,2002,2002,1,3,534635,3542224,0,0
"513_05",513,2002,2002,1,3,534900,3542098,0,0
"513_06",513,2002,2002,1,3,535173,3541974,0,0
"513_07",513,2002,2002,1,3,535464,3541924,0,0
"513_08",513,2002,2002,1,3,535757,3541931,0,0
"513_09",513,2002,2002,1,3,536055,3542025,0,0
"513_10",513,2002,2002,1,3,536290,3541835,0,0
"516_01",516,2003,2021,17,44,517347,3559509,0,0
"516_02",516,2003,2019,15,41,517353,3559637,0,0
"516_03a",516,2014,2015,2,3,517253,3559766,1,0
"516_04",516,2003,2018,14,39,517333,3559827,0,0
"516_05",516,2003,2021,16,41,517265,3559973,0,0
"516_06",516,2003,2021,17,42,517435,3559929,0,0
"517_01",517,2004,2021,18,62,501638,3578057,0,0
"517_02",517,2004,2021,18,61,501721,3578311,0,0
"517_03",517,2014,2021,8,24,501838,3578263,0,0
"517_03a",517,2004,2013,10,36,501838,3577975,1,0
"517_04",517,2004,2021,18,60,501939,3577975,0,0
"517_05",517,2004,2021,18,60,501849,3578038,0,0
"517_06",517,2004,2021,18,58,501714,3577912,0,0
"518_01",518,2004,2021,14,34,497198,3572048,0,0
"518_02",518,2004,2021,14,34,497129,3572159,0,0
"518_03",518,2004,2021,14,33,497007,3572382,0,0
"518_04",518,2004,2021,14,33,496753,3572444,0,0
"518_05",518,2004,2021,14,33,496609,3572604,0,0
"518_06",518,2004,2020,13,32,496430,3572891,0,0
"518_07",518,2004,2021,14,33,496876,3571770,0,0
"518_08",518,2004,2021,14,33,497011,3571862,0,0
"518_09",518,2004,2021,14,33,496869,3572183,0,0
"519_01",519,2004,2021,10,26,520776,3564139,0,0
"519_02",519,2004,2021,9,24,520942,3564137,0,0
"519_03",519,2004,2021,9,24,521013,3564042,0,0
"519_04",519,2004,2021,9,21,520896,3564000,0,0
"519_05",519,2004,2021,9,23,520711,3564075,0,0
"519_06",519,2004,2021,9,24,520658,3564281,0,0
"519_07",519,2004,2021,9,23,520629,3564563,0,0
"519_08",519,2004,2021,9,23,520577,3564294,0,0
"519_09",519,2004,2021,9,23,520472,3564247,0,0
"520_01",520,2004,2021,11,25,508518,3567933,0,0
"520_02",520,2004,2021,10,22,508573,3567982,0,0
"520_03",520,2004,2021,10,22,508656,3567945,0,0
"520_04",520,2004,2021,10,22,508668,3568026,0,0
"520_05",520,2016,2021,3,4,508676,3568002,0,0
"521_01a",521,2004,2016,4,8,483387,3571991,1,0
"521_02",521,2004,2019,16,46,484167,3572544,0,0
"521_03a",521,2004,2006,3,7,484370,3568710,1,0
"521_04",521,2004,2019,8,27,480553,3571561,0,0
"521_05",521,2004,2019,16,47,481264,3571329,0,0
"521_06",521,2004,2019,16,47,484401,3575802,0,0
"521_07",521,2004,2019,16,47,487614,3576184,0,0
"521_08",521,2004,2019,16,47,478961,3570432,0,0
"521_09",521,2004,2019,16,46,480056,3569553,0,0
"522_01",522,2007,2021,15,52,525320,3561482,0,0
"522_02",522,2007,2021,15,52,524966,3562450,0,0
"522_02a",522,2004,2007,4,10,525749,3559722,1,0
"522_03",522,2004,2021,18,62,525824,3563005,0,0
"522_03a",522,2004,2007,4,10,526205,3559433,1,0
"522_04",522,2004,2021,18,62,526203,3562512,0,0
"522_05",522,2004,2021,18,61,527733,3562258,0,0
"522_05a",522,2004,2007,4,10,526160,3562214,1,0
"522_06",522,2007,2021,15,52,527476,3560836,0,0
"522_06a",522,2004,2007,4,10,527514,3561016,1,0
"522_07",522,2004,2021,18,62,526902,3560657,0,0
"522_08",522,2007,2021,15,52,525626,3559347,0,0
"522_09a",522,2004,2007,4,10,527577,3562767,1,0
"522_11a",522,2004,2007,4,10,525440,3563033,1,0
"523_01",523,2004,2021,18,60,536919,3557442,0,0
"523_02",523,2004,2021,18,61,536859,3557237,0,0
"523_03",523,2004,2021,18,53,536031,3554786,0,0
"523_04",523,2004,2021,18,55,535737,3554751,0,0
"523_05",523,2004,2021,18,60,529565,3555675,0,0
"523_06",523,2004,2021,18,62,529557,3555269,0,0
"523_07",523,2006,2021,16,56,529521,3553692,0,0
"524_01",524,2004,2017,8,19,526247,3567122,0,0
"524_02",524,2004,2017,8,19,526037,3567162,0,0
"524_03",524,2004,2017,8,19,525830,3567180,0,0
"524_04",524,2004,2017,8,19,525482,3567122,0,0
"524_05",524,2004,2017,8,19,525180,3567159,0,0
"524_06",524,2004,2017,8,19,524727,3567287,0,0
"524_07",524,2004,2017,8,19,524327,3567585,0,0
"524_08",524,2004,2017,8,19,523737,3567588,0,0
"525_12",525,2005,2021,17,66,527008,3563713,0,0
"525_13",525,2005,2021,17,64,526619,3564736,0,0
"525_15",525,2005,2021,17,63,527457,3563985,0,0
"525_16",525,2005,2021,17,63,527592,3564598,0,0
"525_17",525,2005,2021,17,64,528374,3564747,0,0
"525_18",525,2005,2021,17,63,529472,3564747,0,0
"525_19",525,2005,2021,17,64,527816,3565173,0,0
"525_20",525,2005,2021,17,63,527661,3565427,0,0
"525_21",525,2005,2021,17,64,528814,3565732,0,0
"525_22",525,2005,2021,17,61,529100,3565820,0,0
"525_23",525,2005,2021,17,63,529717,3565267,0,0
"525_24",525,2005,2021,17,63,529112,3566379,0,0
"525_25",525,2005,2021,17,64,529889,3566063,0,0
"525_26",525,2005,2021,17,64,530401,3566229,0,0
"526_01",526,2005,2021,15,42,509386,3592737,0,0
"526_02",526,2005,2020,13,37,509320,3592409,0,0
"526_03",526,2005,2016,11,34,509323,3591988,0,0
"526_04",526,2005,2018,13,39,509118,3591512,0,0
"526_05",526,2005,2021,14,39,509040,3591363,0,0
"526_06",526,2005,2021,12,34,509157,3592443,0,0
"526_07",526,2005,2018,10,32,509150,3592888,0,0
"527_01",527,2005,2021,13,40,506341,3571161,0,0
"527_02",527,2005,2021,12,39,506352,3571329,0,0
"527_03",527,2005,2021,12,40,506269,3571329,0,0
"527_04",527,2005,2021,12,40,506360,3571476,0,0
"527_05",527,2005,2021,12,40,506431,3571355,0,0
"527_06",527,2005,2021,12,39,506473,3571193,0,0
"528_01",528,2006,2021,16,56,509316,3569305,0,0
"528_02",528,2006,2021,16,56,509514,3569453,0,0
"528_03",528,2006,2021,16,56,509431,3569580,0,0
"529_01",529,2007,2021,15,44,494471,3567364,0,0
"529_02",529,2007,2021,15,43,494419,3567200,0,0
"529_03",529,2007,2021,15,44,494258,3567034,0,0
"529_04",529,2007,2021,15,44,494239,3567172,0,0
"530_01",530,2007,2014,8,25,494884,3562881,0,0
"530_02",530,2007,2014,8,25,493007,3563045,0,0
"530_03",530,2007,2014,8,25,493977,3564639,0,0
"530_04",530,2008,2013,6,24,490579,3565104,0,0
"530_05",530,2008,2014,7,25,488088,3563061,0,0
"530_06",530,2008,2013,6,25,490053,3562316,0,0
"530_07",530,2008,2014,7,23,497540,3558483,0,0
"531_01",531,2008,2020,10,26,504607,3566141,0,0
"531_02",531,2008,2016,9,20,504643,3566220,0,0
"531_03",531,2008,2020,9,19,504340,3566289,0,0
"531_04",531,2008,2020,10,20,504194,3566305,0,0
"531_05",531,2008,2020,10,21,504096,3566298,0,0
"531_06",531,2008,2020,10,21,504115,3566185,0,0
"531_07",531,2008,2020,10,22,504288,3565823,0,0
"531_08",531,2008,2020,9,19,504366,3566103,0,0
"531_09",531,2013,2020,5,6,504297,3566533,0,0
"532_01",532,2008,2008,1,3,504381,3564604,0,0
"532_02",532,2008,2008,1,3,503895,3563128,0,0
"532_03",532,2008,2008,1,3,503898,3563205,0,0
"533_01",533,2008,2008,1,2,504381,3564604,0,0
"533_02",533,2008,2008,1,2,503895,3563128,0,0
"533_03",533,2008,2008,1,2,503898,3563205,0,0
"534_01",534,2011,2021,8,15,512294,3607705,0,0
"534_02",534,2011,2021,7,14,512544,3608668,0,0
"534_03",534,2011,2021,8,15,511881,3611138,0,0
"534_04",534,2011,2021,9,16,510651,3613703,0,0
"534_05",534,2011,2021,9,16,511493,3614954,0,0
"534_06",534,2011,2021,8,16,511201,3617242,0,0
"534_07",534,2012,2017,5,11,511201,3617242,0,0
"534_08",534,2011,2015,5,11,505579,3619139,0,0
"534_09",534,2011,2015,4,9,507309,3617448,0,0
"535_01",535,2008,2014,7,24,502815,3582255,0,0
"535_02",535,2008,2020,8,25,503022,3581917,0,0
"536_01",536,2008,2021,10,28,508687,3587685,0,0
"536_02",536,2008,2021,10,25,508980,3587893,0,0
"536_03",536,2008,2021,10,30,508574,3587305,0,0
"536_04",536,2008,2021,10,28,508586,3587076,0,0
"536_05",536,2008,2021,10,26,507821,3587733,0,0
"536_05a",536,2014,2014,1,1,508263,3587225,1,0
"536_06",536,2008,2021,10,31,507486,3587511,0,0
"536_07",536,2008,2021,10,31,506887,3588091,0,0
"537_01",537,2008,2021,10,25,507213,3564159,0,0
"537_02",537,2008,2021,10,26,507088,3563612,0,0
"537_03",537,2008,2021,10,26,507290,3563594,0,0
"537_04",537,2008,2021,10,25,507206,3563653,0,0
"537_05",537,2008,2021,10,27,507324,3563669,0,0
"537_06",537,2008,2021,10,26,507475,3563720,0,0
"537_07",537,2008,2021,10,27,508293,3563547,0,0
"537_08",537,2013,2021,6,16,508098,3564979,0,0
"537_09",537,2020,2020,1,1,507176,3564160,0,0
"537_10",537,2020,2020,1,1,507816,3564100,0,0
"538_01",538,2008,2018,9,17,501292,3563477,0,0
"538_02",538,2008,2015,7,15,501538,3563797,0,0
"538_03",538,2008,2018,9,17,501717,3563672,0,0
"538_04",538,2008,2015,8,16,501786,3563936,0,0
"539_01",539,2008,2019,9,24,517717,3559672,0,0
"539_02",539,2008,2019,9,24,517876,3559402,0,0
"540_01",540,2009,2021,11,31,501357,3586317,0,0
"540_02",540,2009,2021,11,31,501363,3585927,0,0
"540_03",540,2009,2021,11,32,501272,3586027,0,0
"540_04",540,2009,2021,11,32,501323,3586217,0,0
"540_05",540,2009,2021,11,31,501364,3586596,0,0
"540_06",540,2009,2021,11,32,501421,3586684,0,0
"540_07",540,2009,2021,11,32,501488,3586641,0,0
"540_08",540,2009,2021,11,32,501494,3586522,0,0
"540_09",540,2009,2021,10,30,501833,3586365,0,0
"540_10",540,2009,2021,10,30,501724,3586249,0,0
"540_11",540,2009,2021,10,30,501669,3586103,0,0
"541_01",541,2009,2018,8,19,505402,3578658,0,0
"541_02",541,2009,2018,8,18,505836,3577933,0,0
"541_03",541,2009,2018,8,19,505439,3579026,0,0
"541_04",541,2009,2018,8,18,505683,3579370,0,0
"541_05",541,2009,2018,7,18,505521,3579350,0,0
"541_06",541,2009,2018,8,19,505214,3579384,0,0
"541_07",541,2009,2018,8,19,504995,3579485,0,0
"541_08",541,2009,2018,8,19,505143,3579692,0,0
"541_09",541,2009,2018,8,19,504824,3579121,0,0
"542_01",542,2017,2021,5,17,506849,3577368,0,0
"542_01a",542,2009,2016,5,14,506820,3577327,1,0
"542_02",542,2009,2021,10,31,506941,3576784,0,0
"542_03",542,2009,2021,10,31,506848,3577823,0,0
"542_04",542,2017,2021,5,18,507287,3577466,0,0
"542_04a",542,2009,2016,5,12,507330,3577490,1,0
"542_05",542,2009,2021,10,30,506727,3577158,0,0
"543_01",543,2009,2021,13,41,500046,3564255,0,0
"543_02",543,2009,2021,12,40,500162,3563645,0,0
"543_03",543,2009,2021,12,37,500531,3563574,0,0
"543_04",543,2009,2021,12,40,500387,3564209,0,0
"544_01",544,2009,2019,8,18,505564,3586300,0,0
"544_02",544,2009,2019,8,18,505472,3586993,0,0
"544_03",544,2009,2019,8,18,505281,3587438,0,0
"544_04",544,2011,2019,6,11,505741,3586558,0,0
"545_01",545,2009,2021,7,9,500035,3564302,0,0
"545_02",545,2009,2021,7,9,499947,3564489,0,0
"547_01",547,2010,2020,10,31,497788,3566332,0,0
"547_02",547,2010,2020,10,27,497766,3566067,0,0
"547_03",547,2010,2020,10,29,497411,3565735,0,0
"547_04",547,2010,2020,10,30,497445,3566106,0,0
"547_05",547,2010,2020,10,28,497514,3565945,0,0
"548_01",548,2010,2018,9,29,483389,3558520,0,0
"548_02",548,2010,2018,9,27,483107,3558780,0,0
"548_03",548,2010,2018,9,28,482848,3558775,0,0
"549_01",549,2010,2021,12,41,518296,3554467,0,0
"549_02",549,2010,2021,12,42,516411,3555799,0,0
"549_03",549,2010,2021,12,41,517106,3555700,0,0
"549_04",549,2010,2021,12,42,517101,3556275,0,0
"549_07",549,2010,2021,12,41,517126,3556852,0,0
"549_08",549,2010,2021,12,42,512096,3559635,0,0
"549_10",549,2010,2021,12,41,510887,3561619,0,0
"549_11",549,2010,2021,12,42,512063,3561431,0,0
"550_01",550,2016,2017,2,4,500936,3562077,0,0
"550_02",550,2016,2017,2,4,500973,3561930,0,0
"550_03",550,2016,2017,2,3,500966,3561766,0,0
"551_01",551,2014,2021,7,11,501346,3566272,0,0
"551_02",551,2014,2020,5,8,501380,3565941,0,0
"551_03",551,2014,2020,5,7,501458,3565765,0,0
"551_04",551,2014,2020,6,8,501633,3565498,0,0
"551_05",551,2014,2020,5,8,501670,3564922,0,0
"552_01",552,2018,2021,4,12,518389,3561474,0,0
"552_02",552,2018,2021,4,12,518508.2,3561381.1,0,0
"552_03",552,2018,2021,4,13,518570.3,3561452.1,0,0
"552_04",552,2018,2021,4,10,518414,3561377.6,0,0
"552_05",552,2018,2021,4,12,518648.9,3561264.9,0,0
"553_01",553,2018,2021,4,13,520596.1,3567391.9,0,0
"553_02",553,2018,2021,4,12,520578.1,3567018.3,0,0
"553_03",553,2018,2021,4,11,520483.3,3567285.2,0,0
"553_04",553,2018,2021,4,11,520260.8,3567366.8,0,0
"921_12",921,2003,2020,5,6,526937,3563906,0,0
"921_13",921,2003,2020,5,6,527392,3563304,0,0
"921_14",921,2014,2020,4,5,527350,3563604,0,0
"921_15",921,2003,2020,5,6,527319,3563985,0,0
"921_16",921,2003,2020,5,6,527592,3564771,0,0
"921_17",921,2003,2020,4,6,528327,3564921,0,0
"921_18",921,2003,2020,3,5,529249,3564747,0,0
"921_19",921,2003,2020,5,6,527515,3565088,0,0
"921_20",921,2003,2020,5,6,527661,3565637,0,0
"921_21",921,2003,2020,3,5,528814,3565918,0,0
"921_22",921,2003,2020,3,5,529100,3566044,0,0
"921_23",921,2003,2020,3,5,529661,3565267,0,0
"921_24",921,2003,2020,3,4,529089,3566306,0,0
"921_25",921,2003,2020,3,5,529831,3566291,0,0
"921_26",921,2003,2020,3,5,530332,3566428,0,0
"922_02",922,2003,2017,4,4,525749,3559722,0,0
"922_03",922,2003,2017,4,4,526205,3559433,0,0
"922_04",922,2003,2017,4,4,526921,3560621,0,0
"922_05",922,2003,2017,4,4,526160,3562214,0,0
"922_06",922,2003,2017,4,4,527514,3561016,0,0
"922_07",922,2003,2017,4,4,525775,3563061,0,0
"922_08",922,2003,2017,4,4,526206,3562506,0,0
"922_09",922,2003,2017,4,4,527800,3562733,0,0
"922_10",922,2003,2017,4,4,527733,3562254,0,0
"922_11",922,2003,2017,4,4,525440,3563033,0,0
"941_02",941,2002,2016,9,9,517649,3575591,0,0
"941_07",941,2002,2016,8,8,518336,3576547,0,0
"941_08",941,2002,2016,9,9,519726,3577416,0,0
"941_09",941,2002,2016,9,9,520292,3578207,0,0
"942_03",942,2016,2021,5,5,518056,3575665,0,0
"942_03a",942,2002,2015,12,12,518084,3575592,1,0
"942_05",942,2002,2021,17,17,516730,3577010,0,0
"942_06",942,2002,2021,17,17,517133,3576614,0,0
"943_01",943,2002,2013,10,10,518733,3574972,0,0
"943_04",943,2002,2013,10,10,519892,3575540,0,0
